,0
0,AAV
1,ABAC
2,ABCW
3,ABDC
4,ABGB
5,ABTL
6,ABX
7,ABY
8,ACAS
9,ACAT
10,ACCU
11,ACMP
12,ACPW
13,ACSF
14,ACTS
15,ACXM
16,ADAT
17,ADEP
18,ADGE
19,ADHD
20,ADNC
21,ADVS
22,AEC
23,AEGN
24,AEGR
25,AEPI
26,AETI
27,AF
28,AFA
29,AFC
30,AFFX
31,AFH
32,AFOP
33,AGII
34,AGN
35,AGNCB
36,AGU
37,AHC
38,AHP
39,AIRM
40,AIXG
41,AKAO
42,AKER
43,AKG
44,AKP
45,AKRX
46,AKS
47,ALDR
48,ALDW
49,ALJ
50,ALLB
51,ALQA
52,ALSK
53,ALTV
54,ALXA
55,ALXN
56,AMAG
57,AMBR
58,AMCC
59,AMCO
60,AMDA
61,AMFW
62,AMIC
63,AMID
64,AMPS
65,AMRB
66,AMRE
67,AMRI
68,AMSG
69,AMTD
70,AMTG
71,AMZG
72,ANAD
73,AND
74,ANH
75,ANW
76,AOI
77,AOL
78,APAGF
79,APC
80,APF
81,APOL
82,APPY
83,APRI
84,APSA
85,AQXP
86,ARCI
87,ARCX
88,ARDM
89,AREX
90,ARGS
91,ARIA
92,ARIS
93,ARMH
94,ARO
95,ARPI
96,ARQL
97,ARRS
98,ARTX
99,ASBI
100,ASCMA
101,ASFI
102,ASMI
103,ASNA
104,ASPX
105,AST
106,AT
107,ATE
108,ATK
109,ATLS
110,ATML
111,ATNY
112,ATRM
113,ATTU
114,ATU
115,ATV
116,AUMA
117,AUMAU
118,AUQ
119,AUXL
120,AV
121,AVH
122,AVL
123,AVNR
124,AVOL
125,AVP
126,AVX
127,AXE
128,AXLL
129,AXN
130,AXPW
131,AXX
132,AYR
133,AZIA
134,BAA
135,BABY
136,BAF
137,BAGR
138,BAMM
139,BAS
140,BASI
141,BBCN
142,BBF
143,BBG
144,BBK
145,BBLU
146,BBNK
147,BBRY
148,BBT
149,BBX
150,BCOM
151,BCR
152,BDBD
153,BDCV
154,BDE
155,BDGE
156,BEAT
157,BEE
158,BEL
159,BF
160,BFR
161,BFY
162,BGCA
163,BGG
164,BHBK
165,BID
166,BIOA
167,BIOD
168,BIOS
169,BIRT
170,BITA
171,BKJ
172,BKK
173,BKMU
174,BKS
175,BKYF
176,BLOX
177,BLT
178,BLVD
179,BLVDU
180,BMR
181,BNCL
182,BNCN
183,BOBE
184,BOFI
185,BONA
186,BONE
187,BONT
188,BORN
189,BOTA
190,BOXC
191,BPFH
192,BPFHW
193,BPI
194,BPL
195,BQH
196,BRAF
197,BRCD
198,BRCM
199,BRDR
200,BREW
201,BRSS
202,BRXX
203,BSD
204,BSDM
205,BSE
206,BSFT
207,BSTC
208,BT
209,BTE
210,BTUI
211,BVA
212,BVSN
213,BVX
214,BWINA
215,BWINB
216,BWLD
217,BWS
218,BXE
219,BZC
220,BZM
221,CACGU
222,CACQ
223,CADC
224,CADT
225,CAK
226,CAM
227,CAP
228,CAPN
229,CARB
230,CARO
231,CART
232,CASM
233,CATM
234,CAW
235,CBAK
236,CBDE
237,CBF
238,CBG
239,CBIN
240,CBK
241,CBM
242,CBMG
243,CBMX
244,CBNJ
245,CBPO
246,CBPX
247,CBR
248,CBRX
249,CBS
250,CBSHP
251,CBST
252,CCC
253,CCCL
254,CCCR
255,CCG
256,CCX
257,CDI
258,CECO
259,CEL
260,CELGZ
261,CEMP
262,CERU
263,CETV
264,CFD
265,CFN
266,CFNL
267,CFP
268,CFRXW
269,CFRXZ
270,CGG
271,CGI
272,CGIX
273,CH
274,CHA
275,CHEV
276,CHFC
277,CHKE
278,CHL
279,CHLN
280,CHMT
281,CHOP
282,CHSP
283,CHU
284,CHXF
285,CHYR
286,CIE
287,CIFC
288,CIMT
289,CISG
290,CIVI
291,CJES
292,CKEC
293,CKH
294,CKP
295,CKSW
296,CLAC
297,CLCT
298,CLD
299,CLDN
300,CLGX
301,CLMS
302,CLNT
303,CLNY
304,CLRX
305,CLTX
306,CLUB
307,CMCSK
308,CMD
309,CMFN
310,CMGE
311,CMLP
312,CMN
313,CMSB
314,CNCO
315,CNDO
316,CNIT
317,CNNX
318,CNTF
319,CNV
320,CNW
321,CNYD
322,COB
323,COBK
324,COCO
325,COH
326,COSI
327,COT
328,COVR
329,COVS
330,CPAH
331,CPGI
332,CPHD
333,CPHR
334,CPL
335,CPST
336,CPTA
337,CRAY
338,CRBQ
339,CRCM
340,CRDC
341,CRDS
342,CRDT
343,CRME
344,CRR
345,CRRC
346,CRRS
347,CRV
348,CRZO
349,CSFL
350,CSH
351,CSRE
352,CSS
353,CST
354,CSUN
355,CTCT
356,CTL
357,CTRL
358,CTRX
359,CTWS
360,CUB
361,CUI
362,CUNB
363,CUO
364,CUR
365,CVC
366,CVD
367,CVOL
368,CVSL
369,CVTI
370,CWEI
371,CXA
372,CXO
373,CY
374,CYBX
375,CYNI
376,CYOU
377,CYTX
378,CZFC
379,CZZ
380,DAEG
381,DAKP
382,DANG
383,DATA
384,DATE
385,DCA
386,DCIX
387,DDC
388,DEG
389,DEJ
390,DEPO
391,DEST
392,DF
393,DFRG
394,DFT
395,DGAS
396,DGI
397,DGSE
398,DHRM
399,DKT
400,DLPH
401,DMD
402,DMND
403,DNBF
404,DNKN
405,DNR
406,DO
407,DOVR
408,DPLO
409,DPRX
410,DRAD
411,DRAM
412,DRII
413,DRWI
414,DRYS
415,DSCI
416,DSCO
417,DSE
418,DSKX
419,DSKY
420,DTLK
421,DTSI
422,DTV
423,DUC
424,DW
425,DWA
426,DWRE
427,DWTI
428,DXB
429,DXKW
430,DXPS
431,DYAX
432,EBIO
433,ECA
434,ECR
435,ECT
436,EDE
437,EDS
438,EE
439,EEI
440,EEML
441,EFF
442,EFII
443,EFUT
444,EGAS
445,EGI
446,EGLT
447,EGOV
448,EGT
449,EHIC
450,EIGI
451,EIV
452,EJ
453,ELGX
454,ELLI
455,ELNK
456,ELOS
457,ELRC
458,ELX
459,EMCI
460,EMES
461,EMQ
462,EMXX
463,ENFC
464,ENGN
465,ENH
466,ENI
467,ENL
468,ENOC
469,ENRJ
470,ENT
471,ENZY
472,EOC
473,EOPN
474,EOX
475,EPAX
476,EPE
477,EPIQ
478,EPRS
479,EQM
480,EQY
481,ERA
482,ERB
483,EROS
484,ERS
485,ESBF
486,ESL
487,ESSX
488,ESV
489,ETAK
490,ETF
491,ETFC
492,ETH
493,ETM
494,ETRM
495,EV
496,EVAR
497,EVBS
498,EVDY
499,EVEP
500,EVJ
501,EVRY
502,EWCS
503,EWHS
504,EWSS
505,EXA
506,EXAM
507,EXAR
508,EXL
509,EXLP
510,EXXI
511,FAC
512,FAV
513,FBNK
514,FBSS
515,FCAU
516,FCE
517,FCH
518,FCHI
519,FCLF
520,FCS
521,FCSC
522,FDEF
523,FDI
524,FDML
525,FDO
526,FEIC
527,FELP
528,FES
529,FFG
530,FGP
531,FHCO
532,FHY
533,FIG
534,FISH
535,FLIR
536,FLML
537,FLTX
538,FLY
539,FMD
540,FMER
541,FNBC
542,FNFG
543,FNFV
544,FNJN
545,FNSR
546,FOMX
547,FPO
548,FPRX
549,FRAN
550,FRED
551,FRP
552,FRS
553,FSAM
554,FSBK
555,FSC
556,FSGI
557,FSIC
558,FSL
559,FSNN
560,FSRV
561,FSYS
562,FTD
563,FTR
564,FTT
565,FUEL
566,FULL
567,FUR
568,FWM
569,FWV
570,FXCB
571,FXCM
572,GAINO
573,GALTU
574,GARS
575,GBSN
576,GCA
577,GCAP
578,GCVRZ
579,GDAY
580,GDEF
581,GDF
582,GEVA
583,GFIG
584,GFNCP
585,GFY
586,GG
587,GGAC
588,GGE
589,GGOV
590,GGP
591,GHDX
592,GHI
593,GIMO
594,GKNT
595,GLDC
596,GLDX
597,GLOG
598,GLPW
599,GLUU
600,GMCR
601,GMFS
602,GMK
603,GMLP
604,GMO
605,GMT
606,GMZ
607,GNC
608,GNMK
609,GNVC
610,GOMO
611,GOODP
612,GOV
613,GPIC
614,GRAM
615,GRH
616,GRIF
617,GRO
618,GSB
619,GSH
620,GSI
621,GSOL
622,GST
623,GSVC
624,GTI
625,GTIV
626,GTT
627,GTU
628,GTWN
629,GTXI
630,GUID
631,GUR
632,GURX
633,GWPH
634,GWR
635,GY
636,GZT
637,HABT
638,HAWKB
639,HBHC
640,HBK
641,HBNK
642,HBOS
643,HCAC
644,HCAP
645,HCBK
646,HCLP
647,HCN
648,HCP
649,HDRA
650,HDRAU
651,HDS
652,HDY
653,HEB
654,HELI
655,HEOP
656,HF
657,HFBC
658,HFFC
659,HGG
660,HGR
661,HGT
662,HH
663,HHS
664,HIIQ
665,HILL
666,HK
667,HKOR
668,HKTV
669,HLS
670,HLSS
671,HME
672,HMPR
673,HMSY
674,HNH
675,HNR
676,HNSN
677,HNT
678,HOS
679,HOTRW
680,HPJ
681,HPT
682,HPTX
683,HPY
684,HRS
685,HRT
686,HSEA
687,HSGX
688,HSNI
689,HSOL
690,HSP
691,HTCH
692,HTF
693,HTR
694,HTS
695,HTWO
696,HTWR
697,HTZ
698,HVB
699,HW
700,HWAY
701,HWCC
702,HYGS
703,HYH
704,IACI
705,IBCA
706,IBKC
707,ICEL
708,ICON
709,IDHB
710,IDSY
711,IDTI
712,IDXJ
713,IFMI
714,IFON
715,IFT
716,IGTE
717,IID
718,IILG
719,IKAN
720,IKGH
721,IL
722,IMDZ
723,IMI
724,IMMU
725,IMN
726,IMNP
727,IMPR
728,IMRS
729,IMS
730,INAP
731,INB
732,INF
733,INFA
734,ININ
735,INPH
736,INSY
737,INTL
738,INVN
739,INWK
740,INXN
741,IOC
742,IOT
743,IPCI
744,IPCM
745,IPD
746,IPHS
747,IPU
748,IQNT
749,IRDMB
750,IRDMZ
751,IRE
752,IRET
753,IRF
754,IRR
755,ISCA
756,ISF
757,ISH
758,ISIL
759,ISIS
760,ISNS
761,ISRL
762,ISSI
763,ITG
764,ITLY
765,ITR
766,IXYS
767,JAH
768,JASN
769,JASO
770,JAXB
771,JCP
772,JDSU
773,JEC
774,JGW
775,JIVE
776,JMEI
777,JMI
778,JMLP
779,JNS
780,JOEZ
781,JONE
782,JOY
783,JPEP
784,JPP
785,JRN
786,JST
787,JTP
788,JUNR
789,JW
790,KATE
791,KBIO
792,KCAP
793,KCC
794,KCG
795,KEF
796,KEG
797,KEM
798,KFH
799,KFI
800,KFX
801,KHI
802,KITE
803,KKD
804,KNL
805,KNM
806,KONE
807,KOOL
808,KORS
809,KRU
810,KUTV
811,KYO
812,KZ
813,LABC
814,LABL
815,LACO
816,LAS
817,LBF
818,LBIX
819,LBMH
820,LBY
821,LDR
822,LDRH
823,LEI
824,LEVY
825,LEVYU
826,LG
827,LGF
828,LINE
829,LION
830,LIOX
831,LIQD
832,LLDM
833,LLEM
834,LLEX
835,LLTC
836,LM
837,LMCA
838,LMCB
839,LMCK
840,LMIA
841,LMNX
842,LMOS
843,LNBB
844,LNCO
845,LNKD
846,LOCK
847,LOCM
848,LOGM
849,LOJN
850,LONG
851,LOOK
852,LPHI
853,LPT
854,LPTN
855,LRAD
856,LRE
857,LSG
858,LTM
859,LTS
860,LTXB
861,LUX
862,LVLT
863,LVNTA
864,LWC
865,LXFT
866,LXK
867,MAMS
868,MBFI
869,MBLX
870,MBLY
871,MBRG
872,MBTF
873,MBVT
874,MCC
875,MCGC
876,MCOX
877,MCRL
878,MCUR
879,MCV
880,MDAS
881,MDCA
882,MDCO
883,MDGN
884,MDLY
885,MDSO
886,MDSY
887,MDVN
888,MEA
889,MEET
890,MELA
891,MELR
892,MEN
893,MENT
894,MERU
895,MES
896,METR
897,MFI
898,MFLX
899,MFRI
900,MFRM
901,MFSF
902,MFT
903,MGCD
904,MGN
905,MGT
906,MHE
907,MHFI
908,MHGC
909,MHR
910,MIE
911,MIK
912,MIL
913,MILL
914,MINI
915,MJN
916,MKTO
917,MLNX
918,MLPL
919,MM
920,MMAC
921,MNE
922,MNGA
923,MNI
924,MNK
925,MNRK
926,MNTA
927,MOBI
928,MOC
929,MOCO
930,MOKO
931,MOLG
932,MONY
933,MORE
934,MPEL
935,MPET
936,MPO
937,MRD
938,MRKT
939,MRVC
940,MSBF
941,MSF
942,MSG
943,MSLI
944,MSO
945,MSTX
946,MTS
947,MTSC
948,MTSL
949,MTSN
950,MTT
951,MTU
952,MUH
953,MUS
954,MVC
955,MVG
956,MVNR
957,MW
958,MWE
959,MWIV
960,MWV
961,MXWL
962,MY
963,MYCC
964,MYF
965,MYL
966,MYOS
967,NADL
968,NANO
969,NAO
970,NATL
971,NAV
972,NBBC
973,NBG
974,NBL
975,NBTF
976,NCB
977,NCFT
978,NCI
979,NCIT
980,NCQ
981,NDRO
982,NEOT
983,NEWM
984,NFEC
985,NGHC
986,NGHCP
987,NGLS
988,NHTB
989,NILE
990,NJ
991,NJV
992,NKA
993,NKY
994,NLNK
995,NMBL
996,NMO
997,NMRX
998,NMY
999,NNC
1000,NOR
1001,NORD
1002,NPBC
1003,NPD
1004,NPP
1005,NPSP
1006,NRCIA
1007,NRF
1008,NRX
1009,NSAM
1010,NSH
1011,NSPH
1012,NTI
1013,NTK
1014,NTLS
1015,NTN
1016,NTRSP
1017,NTT
1018,NTX
1019,NU
1020,NUTR
1021,NVDQ
1022,NVGN
1023,NVSL
1024,NVX
1025,NWY
1026,NXTDW
1027,NXTM
1028,NYLD
1029,NYNY
1030,NYV
1031,OAK
1032,OAKS
1033,OCIR
1034,OCLS
1035,OCR
1036,OCRX
1037,OGXI
1038,OHAI
1039,OHGI
1040,OHRP
1041,OIBR
1042,OILT
1043,OKS
1044,OKSB
1045,OMAM
1046,OME
1047,OMED
1048,OMG
1049,OMN
1050,ONEF
1051,ONFC
1052,ONNN
1053,ONP
1054,ONTY
1055,ONVI
1056,OPB
1057,OPHT
1058,OPWR
1059,OPXA
1060,ORB
1061,ORBK
1062,OREX
1063,ORIT
1064,ORM
1065,ORPN
1066,OSGB
1067,OSHC
1068,OSIR
1069,OSM
1070,OTEL
1071,OTIV
1072,OUTR
1073,OVTI
1074,OWW
1075,OXFD
1076,OZM
1077,OZRK
1078,PACD
1079,PAH
1080,PBCP
1081,PBIB
1082,PBM
1083,PBMD
1084,PCLN
1085,PCMI
1086,PCO
1087,PCYC
1088,PDII
1089,PDLI
1090,PE
1091,PEGI
1092,PEIX
1093,PENX
1094,PEOP
1095,PER
1096,PES
1097,PETX
1098,PFK
1099,PFNX
1100,PGN
1101,PGNX
1102,PHF
1103,PHII
1104,PHIIK
1105,PHMD
1106,PICO
1107,PIH
1108,PIR
1109,PJC
1110,PKD
1111,PKY
1112,PLCM
1113,PLKI
1114,PLMT
1115,PLNR
1116,PLPM
1117,PLT
1118,PMC
1119,PMCS
1120,PMFG
1121,PNRA
1122,PNTR
1123,POL
1124,POPE
1125,POT
1126,POWR
1127,POZN
1128,PPHM
1129,PPHMP
1130,PPO
1131,PPP
1132,PPR
1133,PPS
1134,PQ
1135,PRAH
1136,PRAN
1137,PRCP
1138,PRGN
1139,PRGX
1140,PRLS
1141,PRSC
1142,PRTO
1143,PRXI
1144,PRXL
1145,PRY
1146,PSBH
1147,PSDV
1148,PSEM
1149,PSTB
1150,PSTR
1151,PSUN
1152,PTBI
1153,PTIE
1154,PTLA
1155,PTP
1156,PTRY
1157,PTX
1158,PULB
1159,PVA
1160,PVTB
1161,PWE
1162,PWRD
1163,PWX
1164,PXMC
1165,PXSC
1166,Q
1167,QDEM
1168,QEH
1169,QEP
1170,QEPM
1171,QIHU
1172,QLGC
1173,QLIK
1174,QLTI
1175,QLTY
1176,QSII
1177,QTM
1178,QTWW
1179,QUNR
1180,QVCA
1181,QVCB
1182,RAI
1183,RALY
1184,RAS
1185,RATE
1186,RAX
1187,RBPAA
1188,RBS
1189,RBY
1190,RCAP
1191,RCPI
1192,RCPT
1193,RDC
1194,RDEN
1195,RECN
1196,REMY
1197,REN
1198,RENT
1199,RESI
1200,REXI
1201,REXX
1202,RFT
1203,RGDO
1204,RGDX
1205,RGSE
1206,RHT
1207,RIF
1208,RIGP
1209,RIOM
1210,RIT
1211,RIVR
1212,RJET
1213,RKUS
1214,RLD
1215,RLH
1216,RLOC
1217,RLOG
1218,RLYP
1219,RNDY
1220,RNET
1221,RNF
1222,RNN
1223,ROIAK
1224,ROIQ
1225,ROIQU
1226,ROIQW
1227,ROKA
1228,ROSE
1229,ROVI
1230,ROX
1231,RP
1232,RPRXW
1233,RPRXZ
1234,RPTP
1235,RPX
1236,RRST
1237,RSE
1238,RSO
1239,RST
1240,RSTI
1241,RTEC
1242,RTGN
1243,RTI
1244,RTIX
1245,RTK
1246,RTRX
1247,RUBI
1248,RUK
1249,RVBD
1250,RVLT
1251,RVM
1252,RWC
1253,RXII
1254,RYL
1255,SAAS
1256,SAEX
1257,SAJA
1258,SALT
1259,SAPE
1260,SARA
1261,SBBX
1262,SBGL
1263,SBRAP
1264,SBSA
1265,SBY
1266,SCAI
1267,SCLN
1268,SCOK
1269,SCPB
1270,SCSS
1271,SDLP
1272,SDR
1273,SDRL
1274,SDT
1275,SEMG
1276,SEMI
1277,SERV
1278,SEV
1279,SFB
1280,SFLY
1281,SFN
1282,SFS
1283,SFXE
1284,SGB
1285,SGBK
1286,SGM
1287,SGNT
1288,SGY
1289,SGYP
1290,SGYPU
1291,SGYPW
1292,SHLO
1293,SHOR
1294,SHOS
1295,SIAL
1296,SIGM
1297,SIMG
1298,SINA
1299,SIRO
1300,SKBI
1301,SKH
1302,SKIS
1303,SKUL
1304,SLH
1305,SLTC
1306,SLW
1307,SLXP
1308,SMACU
1309,SMK
1310,SMTP
1311,SMTX
1312,SN
1313,SNAK
1314,SNBC
1315,SNC
1316,SNDK
1317,SNH
1318,SNSS
1319,SNTA
1320,SORL
1321,SPA
1322,SPAN
1323,SPAR
1324,SPEX
1325,SPF
1326,SPKE
1327,SPLS
1328,SPNC
1329,SPPR
1330,SPPRO
1331,SPU
1332,SPW
1333,SQBK
1334,SQI
1335,SQNM
1336,SRSC
1337,SSE
1338,SSFN
1339,SSH
1340,SSI
1341,SSLT
1342,SSN
1343,SSNI
1344,SSRG
1345,SSRI
1346,SSS
1347,SSW
1348,STAY
1349,STCK
1350,STI
1351,STJ
1352,STML
1353,STNR
1354,STO
1355,STRZA
1356,STRZB
1357,SUBK
1358,SUNE
1359,SUSQ
1360,SUTR
1361,SVLC
1362,SWHC
1363,SWY
1364,SXCP
1365,SXE
1366,SYA
1367,SYMC
1368,SYMX
1369,SYNC
1370,SYRG
1371,SYRX
1372,SYT
1373,SYUT
1374,SYX
1375,SZYM
1376,TAHO
1377,TAOM
1378,TASR
1379,TAT
1380,TAX
1381,TAXI
1382,TBAR
1383,TCBIP
1384,TCCA
1385,TCHI
1386,TCK
1387,TCO
1388,TCP
1389,TCPI
1390,TCRD
1391,TDD
1392,TE
1393,TEAR
1394,TECD
1395,TECU
1396,TERP
1397,TESO
1398,TEU
1399,TFM
1400,TFSCU
1401,TGC
1402,TGD
1403,TGE
1404,THOR
1405,THTI
1406,TI
1407,TICC
1408,TIF
1409,TIK
1410,TIME
1411,TINY
1412,TISA
1413,TIVO
1414,TKAI
1415,TKMR
1416,TLF
1417,TLI
1418,TLLP
1419,TLM
1420,TLMR
1421,TLO
1422,TLP
1423,TLR
1424,TMH
1425,TMK
1426,TNAV
1427,TNDQ
1428,TNGO
1429,TOF
1430,TOO
1431,TOT
1432,TOWR
1433,TPI
1434,TPLM
1435,TPRE
1436,TPUB
1437,TRAK
1438,TRCB
1439,TRCH
1440,TRCO
1441,TRF
1442,TRGT
1443,TRIV
1444,TRK
1445,TRLA
1446,TROV
1447,TROVU
1448,TROVW
1449,TRR
1450,TRXC
1451,TSL
1452,TSLF
1453,TSO
1454,TSRA
1455,TSRE
1456,TSS
1457,TST
1458,TSU
1459,TSYS
1460,TTHI
1461,TTPH
1462,TTS
1463,TUBE
1464,TUES
1465,TWC
1466,TWMC
1467,TXTR
1468,TYC
1469,TYPE
1470,UACL
1471,UBIC
1472,UBNK
1473,UBSH
1474,UCFC
1475,UDF
1476,UIL
1477,ULTI
1478,UMX
1479,UN
1480,UNIS
1481,UNT
1482,UNXL
1483,UPIP
1484,UPL
1485,URZ
1486,USAT
1487,USBI
1488,USG
1489,USMD
1490,USMI
1491,USTR
1492,UTEK
1493,UTIW
1494,UWTI
1495,VA
1496,VAR
1497,VCO
1498,VDSI
1499,VGGL
1500,VIAB
1501,VIAS
1502,VICL
1503,VISI
1504,VISN
1505,VLCCF
1506,VLTC
1507,VMEM
1508,VNTV
1509,VOLC
1510,VRML
1511,VRNG
1512,VRTU
1513,VSAR
1514,VSCI
1515,VSCP
1516,VSI
1517,VSLR
1518,VSR
1519,VTAE
1520,VTG
1521,VTL
1522,VTSS
1523,VTTI
1524,VVUS
1525,VYFC
1526,WAC
1527,WAGE
1528,WAIR
1529,WAVX
1530,WBAI
1531,WBC
1532,WBMD
1533,WCG
1534,WDR
1535,WDTI
1536,WEBK
1537,WFBI
1538,WFD
1539,WFM
1540,WFT
1541,WG
1542,WGA
1543,WGBS
1544,WGP
1545,WHX
1546,WHZ
1547,WIBC
1548,WIFI
1549,WILN
1550,WIN
1551,WLB
1552,WLH
1553,WLRHU
1554,WLT
1555,WMAR
1556,WMGI
1557,WMLP
1558,WNR
1559,WNRL
1560,WPCS
1561,WPPGY
1562,WPT
1563,WPX
1564,WR
1565,WRES
1566,WSH
1567,WSTC
1568,WTR
1569,WTSL
1570,WTW
1571,WUBA
1572,WWAV
1573,WYN
1574,XBKS
1575,XCO
1576,XGTI
1577,XGTIW
1578,XIV
1579,XLS
1580,XNY
1581,XON
1582,XOOM
1583,XOVR
1584,XRA
1585,XRS
1586,XUE
1587,YDKN
1588,YDLE
1589,YGE
1590,YHOO
1591,YOD
1592,YOKU
1593,YRCW
1594,YUMA
1595,YUME
1596,YZC
1597,ZA
1598,ZAGG
1599,ZAYO
1600,ZBB
1601,ZFC
1602,ZFGN
1603,ZINC
1604,ZIONW
1605,ZLTQ
1606,ZMH
1607,ZN
1608,ZPIN
1609,ZQK
1610,ZSPH
1611,ZU
1612,ZX
